index,zl0,zl1,zl2,zl3,zl4,zl5,zl6,zl7,zl8,zl9,zl10,zl11,zl12,zl13,zl14,zl15,zl16,zl17,zl18,zl19,zl20,zl21,zl22,zl23,zl24,zl25,zl26,zl27,zl28,zl29,zl30,zl31,zl32,zl33,zl34,zl35,zl36,dx0,dx1,dx2,dx3,dx4,dx5,dx6,dx7,dx8,dx9,dx10,dx11,dx12,dx13,dx14,dx15,dx16,dx17,dx18,dx19,dx20,dx21,dx22,dx23,dx24,dx25,dx26,dx27,dx28,dx29,dx30,dx31,dx32,dx33,dx34,dx35,dx36,dx37,dx38,dx39,dx40
0,389,0,0,340,156,0,251,0,575,0,623,0,0,0,2,11,9,32,0,0,0,4,0,28,0,2,0,33,651,0,0,0,0,2,0,61,69,45.7555821986505,1.72631934670446,1.92676938964214,1.44982477365397,10.8306514089479,11.555497901392,3.12122299123297,4.06518576315704,114.060887074141,33.6569686470653,0.925993233401004,2.61877179486043,1.06037172920978,11.8277553159332,0.680257210586383,0.421537026269507,7.42313044928554,0.708083245890719,1.37553480661273,17.4204403110542,61.3662991212913,0.14796884845558,0.60751641129784,2.22121565702979,0.121465095538337,0.479438372403515,36.7880482179483,1.07423756375882,28.8304121057622,0.255349963785533,11.6417366259599,521.339950157307,238.60880829644,0.158435846371355,0.563602075059757,0.0424972939466648,0.742094401036229,0.771026006499597,0.123246062039114,0.0338286111295714,0.183641176487302
0,438,0,386,0,72,0,0,1549,2985,3,526,115,0,15,5,0,0,0,0,0,0,4,0,90,0,88,0,15,31,0,0,0,0,0,0,0,20,47.7297210704759,2.65487678612085,3.44150433496396,1.77896260833413,7.36648175988759,15.8632317975044,6.19375433066663,6.44032436530502,96.0363363465013,49.04489831702,1.52907329723281,2.30686553967329,0.761126943048792,6.65493038981077,0.854514199698586,0.505834797086562,16.2707350940013,0.779048538925002,1.97668836353172,40.7774017035722,59.8724400335949,1.3808312537382,0.109171358856137,3.7762595040689,0.134977845763988,0.37702996928894,11.5147194805909,2.16109169042531,12.9482371904384,0.848395003111577,5.16931217377375,149.337306008235,374.552017543565,0.074884624682849,0.291151919101415,0.0517254556658778,0.702108902991747,4.77827837784945,1.89944558227337,0.0471597444246636,0.0955321276930107
0,744,239,0,6395,50,0,0,0,2573,0,190,0,21,76,0,24,0,52,2,0,0,267,0,4712,0,0,0,4126,30,0,2,0,0,178,8,130,80,44.000631734936,2.71648919695684,2.40146480740602,2.2571390854324,21.1366225017994,17.4097617565704,5.48127560177648,7.03663988565431,130.280776944259,44.3260237585704,0.243690433425829,3.21411333701582,1.80661387075493,9.8339047939115,0.717405503826996,0.831409449136455,6.63430907519703,0.8197661451694,0.858310219094613,26.2018431215007,249.731654932723,0.490369046967999,0.41957874303844,2.81386705808282,0.189002657844373,0.400585299372923,15.9523272605371,1.766117962152,25.6749270539237,1.05763104152521,4.86336619151352,289.395688007231,717.593780774371,0.165147400184428,0.253562205537831,0.0288702346371952,0.344857337367276,4.02850090889066,2.70875759748429,0.017343392518801,0.230251076503079
0,622,0,0,909,1078,0,0,46,40464,0,474,24,77,1464,0,86,0,0,7,0,0,22,0,11730,0,9,0,59,2160,0,281,0,0,0,0,18,457,49.1971848648448,2.99563722170685,2.93396954888934,2.04630296809636,18.9195365416851,18.4895175128711,3.63056638485795,6.48464280653978,179.84386565172,47.8486750601462,0.49151965431881,1.83948633373187,1.40997834463791,6.04149577658568,0.881207371643071,0.285532619441977,5.89483523165738,0.827808821277288,2.48247277462325,28.8424394131211,9.50084517342747,0.155894405366705,0.416494812656276,3.45308102803841,0.1843242049754,37.1555200783367,16.0414610154974,1.7069168726241,23.6175045885635,1.35835332485938,0.421049507230794,290.752623809263,535.600771253007,0.0776229626745986,0.362508541806082,0.0299004052574419,0.428035220136352,3.28450105010201,1.30511778450566,0.375152787661733,0.177811564696106
0,5406,8,0,23,48,22,15,307,1833,0,21,0,0,0,8,0,0,112,0,0,0,16,4,78,0,0,0,59,21,0,56,0,0,8,0,0,15,49.6906839786398,2.95829539442699,2.82996501620032,2.10788716955164,9.93510141113242,14.4495865073118,4.13379481906916,6.92600666802774,130.04769612044,45.5869798649803,0.25144174723305,3.02486447802921,2.95513487449585,12.4237223056259,0.779782979399969,1.98335387529504,8.46473330324971,1.28122698375405,2.18748426822138,19.1833113063084,27.5337128093558,0.524018232967875,0.495235267191619,2.79393651371356,0.202540483153435,0.535652662720649,18.962145890307,1.31570546462265,13.3643939356806,2.24811052056334,19.5227966132288,503.862223154193,769.008287866921,0.249167949795522,0.528535844958485,0.0237320641762776,0.751088307218088,1.3702967261679,1.11020791318461,0.098947168725868,0.0914506836770412
0,119,0,0,10,56,0,0,1601,224,0,549,0,0,0,0,0,1433,0,0,4,0,8,0,155,0,11,0,73,38,0,0,0,0,4,0,0,9,50.4978585932024,3.58612244669249,4.28480266928696,3.34307695949938,11.5715362639735,24.458012033778,10.9134230581676,11.1965334485005,120.708242419987,67.1200834234385,0.627881253230605,7.64759070356894,1.04916671803014,10.0662164586295,1.07173078120894,0.61973772020282,12.1996002392884,0.605465311511143,3.01931688940697,24.5488366209318,44.8394071105249,0.510751563608584,0.356355151500289,4.28125025555753,0.220686304335939,96.6412210700915,1.63992561252371,1.58125496436624,36.0819453013101,2.34714541748138,9.52245350987832,512.7702678397,956.347191064666,0.215949752509308,55.9479405392765,0.0619056845128335,0.776508414317721,2.08996567549478,1.19037283318454,0.12076107226268,0.313487964718364
0,998,0,0,216,71,0,0,0,19508,0,2517,0,0,25,5,265,263,0,38,0,0,0,2,1144,3,0,0,35,5409,0,0,0,0,2,2,7,137,40.4315538143475,2.13187690814434,2.18272810363416,1.64725386491262,8.36744762198652,12.3990314999609,3.75332808796166,4.7853022103362,128.662199586478,40.0383825826041,0.50219186007652,3.38092449781455,0.246425057870258,0.78941316129598,0.596273939923141,1.05770842525727,5.81139353294764,0.0603802162895956,1.87444245771398,17.6514882449545,20.0105470116285,0.336213393267395,0.407700456272256,2.57083003534529,0.125618570825476,0.564012226352296,0.970755715237674,0.742745317661096,5.25027468482866,0.298678954602718,8.33904465487377,208.614236657358,460.2263903063,0.0331508640325293,114.005282169879,0.0493115819507847,0.140371875972413,1.383457430538,0.86220703342382,0.019146429237278,0.0428367075230737
0,608,68,0,589,1435,0,0,0,1928,0,307,11,0,34,3,7,804,117,0,0,0,3579,142,478,0,3,0,4359,1380,0,22,0,0,59,0,46,208,39.9119189741556,2.31390204547361,2.67197426875448,1.31313845602747,7.65442524869102,13.9441251796021,4.10210515566289,3.53868551605123,123.283517445164,38.087397736804,0.446543758479336,3.56839653452803,1.22397712526564,5.18715440587202,0.550827388914626,0.831071504303591,7.381704703282,0.68817343656797,2.80210790613555,17.4630330970457,41.1945789602672,0.224553363286416,0.510079721026328,2.66305853210681,0.128393566852867,127.357071070812,1.0991925866753,0.988939917756009,6.05176847173048,0.446454672488313,4.80725534403352,219.602023643386,547.875163564485,0.0812068538455519,134.951228918437,0.0323613574393157,0.596727889269239,1.6514486177299,0.360507748716058,0.0181413141387088,0.0480380989448001
0,2952,119,0,2427,83,0,257,9,6220,0,2678,0,0,143,4,50,1032,32,0,0,0,5,3,1569,0,386,0,522,8750,0,0,0,0,0,3,0,83,49.8034802559345,2.80844057936598,4.05609655326603,1.80492547448807,7.43633777245836,13.4287226215958,0.359974784127413,5.93287803268477,180.597652498793,56.1674074866706,1.51253714155518,8.37866439666622,0.735984324614361,0.398208753362252,1.07589747027877,3.32060377767605,9.38851157470673,0.192912446713871,2.48859512486259,29.0391631051787,5.46944468162791,0.198467145100039,0.279577417548525,3.8679836087078,0.125350936549066,0.503301795396808,1.12624160312854,0.768561326852355,2.0794669399584,0.368235009039474,2.00661783779204,260.259962162178,739.384225741899,0.0340201220408706,165.181377028048,0.0423529568563745,0.400374631134932,1.05600570369379,0.365168925884366,0.0473103843345883,0.0190616240820958
0,2141,2972,0,949,89,0,12,4,13898,0,83,31,0,124,9,120,1106,52,0,0,0,1030,4,1645,0,0,4,3912,1272,0,31,0,0,307,4,35,211,57.7938170860327,2.77248749517095,3.78474571925345,2.04471815888804,11.0647023944591,22.9365042478384,1.33529247533149,6.8252092867515,132.130418767463,36.478444538631,0.784422230035558,3.56718192151437,4.06315602002682,14.2130989746017,1.02691017334481,1.93818276325982,11.0156686099975,2.99664645115525,2.03499229908611,30.9638081764571,20.0802025799445,0.550030415127568,0.475257267713128,3.72523731647735,0.475256930590829,0.493598780798369,0.937290719315966,0.663197116937152,12.1972789164306,1.61430810911752,7.40930691934093,390.838768630134,465.713280347218,0.339826968631063,174.953583134795,0.0480538561141993,1.14957970761187,2.04871470611496,0.777332642001236,0.0270138526193096,0.0900743703377554
0,120,0,0,632,63,0,40,9,17137,0,395,0,0,93,0,55,2,0,94,0,0,1616,3,7543,0,51,0,7575,959,0,0,0,0,15,0,262,297,51.6446389092829,3.66954351166221,3.97537603442357,2.71444261413918,9.29904348628346,17.4396004627398,1.93840453797434,9.30965910369918,233.702077962104,76.8965730292011,0.313996294539631,10.5078815520655,2.37221933906438,9.48985556761252,1.10659957165263,1.03297720111794,22.9491054713566,0.824011575165833,4.8317962478589,30.9346273072354,55.505124176827,0.538531303469129,0.624905921250481,4.12648211580127,0.184771019510145,250.038088597933,40.3032805170632,1.63523556921033,23.0130326467609,2.16525464204851,6.87457270694066,400.046920599727,844.908755624534,0.162379159606357,11.2368290347648,0.0622025259477783,0.428821799552422,1.37044834835705,1.13943117407012,0.0688028846246671,0.163766637368617
0,3478,0,0,1167,229,0,0,25,3282,10,3808,0,0,74,0,154,205,46,9,0,0,261,0,1909,0,72,0,753,6863,0,356,0,0,2,0,0,536,49.0132952027196,3.27507736357141,3.2964028041251,1.71879751058472,15.1024995424388,19.9529430018403,0.69703167898044,5.4776043249848,186.138269387148,63.8423448946065,0.62965533225027,2.04139773822313,2.07402606888948,17.5668615804465,0.80624712859829,2.98544875205335,13.9544880436974,0.802248416018414,1.67259019047179,34.8023639067451,36.2017397084597,0.420442487357714,0.333144588332294,2.58572667055666,0.410417804170363,0.491472559084997,48.0440648323513,1.32694801828974,6.7947327805436,0.731196203680258,7.17261870894754,249.928563614456,670.381525767584,0.427198061158415,0.613018236123721,0.0481961959554038,0.692178160108428,1.96551886867716,0.295152310420947,0.0379022129331494,0.0495614573319586
0,217,3,0,298,7960,0,0,0,7526,0,364,17,0,8,0,18,254,8,0,0,0,4,11,411,0,20,0,5514,282,0,37,0,0,12,3,0,49,49.6503554672845,1.97754203564951,2.66792441718194,1.63684100613557,6.94727416176199,11.9785552525039,10.5892236927644,5.45577072984202,128.452144613577,35.5182521158172,0.431166230478626,5.11854316529709,1.04518178808438,6.58913444409016,0.698904424324255,1.75558882417931,5.98000681132135,0.409075709852372,2.6551238122508,19.5709018686249,20.6589898684312,0.0746351575870361,0.809588094109956,2.76598306147157,0.133485742351118,186.586677927488,2.65354767953362,1.22752204192185,2.63158337012573,0.185784852242738,12.2898034830479,469.9864493998,1054.68087376423,0.113793777870778,61.5222162722449,0.0576878621149798,0.294498409684718,1.2595254876016,0.635411177914585,0.141695933124975,0.0163629832102169
0,238,0,0,116,70,0,0,0,3848,0,1679,10,0,0,1,10,212,32,8,0,0,6,14,188,0,0,0,39,1515,0,0,0,0,0,0,3,14,51.4149062739226,2.49839304234091,3.56554017304008,1.71951065622144,7.41710295882269,13.3616203782296,5.33343651996384,5.62949685737417,71.1259155760918,49.3964422673281,0.293476628950613,4.82089288383162,0.534566757692766,1.26946592293258,0.73772282461959,1.30169483160971,8.15328823491236,0.156429346697874,4.08490224501122,23.1422492834938,29.0642075907837,0.346581397090834,0.664844709751737,3.28281723383311,0.132558920883901,206.475702276972,103.596646544802,1.63098182798165,3.04787406712496,0.332435737556452,7.7218206076348,375.453504481083,661.794436661015,0.0284403204936167,36.929452308915,0.0630401981911018,0.240841467003142,0.977447045663289,0.394132825626132,0.0190861804201217,0.0261208101546902
0,390,0,3,2598,289,0,162,36,8333,0,3541,4,18,41,2,27,239,80,0,0,0,0,0,2327,0,189,0,37,1024,0,0,0,0,0,0,11,50,43.5120389656091,2.59527190235308,3.89323936103511,1.99149689168136,18.8803008258427,17.1204526076891,6.3294412039689,6.2599348091914,153.127141099686,45.3537967011393,0.603500513105478,2.70785132172954,2.94270786202591,23.7382670451718,3.17427246418879,1.26475971310121,10.2661312712921,2.05380012796643,3.00686385363964,27.4718202850799,395.306502724839,0.540852643418114,2.87462796506875,2.87255201991999,0.183802129448566,211.861187737204,139.635415773157,1.78303931728282,22.1890672409825,1.17572113448096,13.8966033109562,498.867798898366,898.969258484664,0.968641081326572,158.421480697755,0.101421164772663,0.704476966314479,1.94682791018345,0.647290101489272,0.0852986711143541,0.178137247458544
0,155,0,0,0,274,0,70,267,20878,4,6278,34,0,197,0,66,112,0,5,0,0,10,0,253,0,6,4,115,14193,0,0,0,0,0,0,12,1107,53.267075062692,2.82523873382113,3.95303046862063,2.26050014724669,15.9187218026092,19.9786357435111,1.1396230002933,7.4237550611708,204.416867805723,60.6709032364838,0.676125762925294,6.00400233130156,1.62067545873444,0.189997847518958,0.985647983644452,1.49842321192512,8.06555447252035,0.56694756660494,2.56448628959878,21.7726259107092,6.13883775437213,0.0847123957343196,1.34709201693661,3.94096157794258,0.158265432316719,414.307751881977,162.980150247749,0.898584781948334,0.563270418819014,0.116133835586519,7.27937678677798,300.910978855456,785.661028939733,0.037185230786017,4.35135978409226,0.0317603373960394,0.0933705748963921,2.55155985968112,1.07435821354758,0.557485422470208,0.000837731657484655
0,335,0,0,289,25909,0,0,7,9808,0,1193,7,34,2626,23,491,50,0,0,0,0,9412,67,12192,0,5,0,79,15465,0,267,0,0,0,0,0,973,51.0731241426225,3.98429345527879,5.52998849747038,2.3982211135303,8.06670745242808,24.3282388079049,12.5438365429273,8.44179594107106,248.405451493822,61.3476112680914,1.05219546784826,4.37106934906816,1.18143992258366,13.0053251166003,1.65283052139266,1.13962331238094,6.96613407177566,1.02472753173881,2.09734653942049,36.1099260808814,20.3023107546656,0.269645783314409,1.13337268978913,4.776132185228,0.354018636158849,459.32034070888,134.158261272153,2.2366024367277,11.0521568930009,0.328433324021834,5.676343340004,309.152113074814,579.127628982636,0.21259513048698,17.5612794739165,0.0625350147040662,0.542682740894975,3.66756445022558,2.34306381801091,0.0418226048398443,0.108204850451248
0,4124,3,0,565,21316,21,0,36,23764,3,2116,5,173,171,7,62,93,38,17,0,0,23,2864,7270,0,0,0,158,557,0,161,0,0,6,0,10,248,42.8594433051405,2.43790623356286,3.53891507639581,1.51585885400596,14.7058301225133,15.9184650577166,0.601464730667484,4.63262392820275,156.711471772939,46.3778381090769,0.478074241227198,3.63169591043443,1.86410364621591,16.9605794454248,0.711267145687989,0.844975985635937,6.72269558871929,0.898697307839538,2.16370165159709,29.2099833140975,54.1915814971455,0.346796698983477,0.288206184558835,2.95202392366143,0.665548592803771,260.476603385774,115.222117403464,0.939525392374469,25.7319893710595,0.691670864182202,8.47982481048186,344.111663122423,771.13066092368,0.387093559546583,103.502508574237,0.0464489870306652,0.217995044491075,0.803701322873711,0.407592052389479,0.0593805345166562,0.197465774966379
0,1089,0,0,789,222,0,0,20,12433,0,1015,0,0,0,0,0,127,49,90,2,0,25,0,85,0,10,0,1303,3032,0,6,0,0,0,0,0,23,50.2305333587205,3.48142626158451,4.3071912633,2.38297390662465,7.42031379863084,19.0941696812532,1.16293063505128,8.10937784844706,186.859539223993,62.9563738907857,0.48513467927204,6.83614071440491,1.68098467087624,4.44431809137333,1.10989215414313,1.27637960084048,8.85017237143321,0.600348218998606,2.84587776024228,27.5868682150577,89.6942884701765,0.47422117671224,0.39543989908775,4.11324209440304,0.13744230463512,294.518438416614,123.780892681292,0.94186194356537,11.0713902105561,0.37480652470612,6.83710840149883,298.867309058524,695.988944532917,0.0358642502557854,245.110589736733,0.0285757364600711,0.396861619981035,0.800475484319061,0.605973198746121,0.00524312050565811,0.0786962778796338
0,117,0,0,243,527,0,0,17,68913,1025,674,7,0,1876,19,242,6,21,20944,0,0,0,2,695,0,3,0,47,5110,0,0,0,0,0,0,0,222,48.1583876437515,2.2344752280921,1.1414246510327,2.91216757511054,8.99776878764184,21.0716637876539,2.4618540969129,7.45157666708654,157.351075814469,39.2527363611706,0.444649547986027,3.56202727572147,0.500955968541096,4.15364544421467,1.57339613378901,0.848376151753891,9.95079929534541,0.104026092100076,1.34825336065812,41.4611415088163,11.9571360836782,0.226801203458025,1.04846357603719,1.23749791856566,0.235445599542175,433.073389440721,134.283927773054,0.870812445358628,4.62492050399607,1.81897361477136,6.1917945081701,573.28056883388,861.427168382975,0.0597340609704963,164.295057702296,0.0527370793637054,0.0999211094426818,1.46957471791221,0.389645415493949,0.0625576229614324,0.047020668543615
0,159,0,2,0,84,0,0,406,107,0,727,2192,599,0,0,0,50,0,0,0,0,10,0,319,0,205,0,63,2835,0,0,0,0,0,0,12,13,31.3194871702424,1.40657485712598,1.43883314501659,0.878049420407163,7.11934044518834,7.93728129259832,0.919398087307941,2.7166219734652,84.8478455129042,29.0238457748789,0.282970129652469,2.21012274806047,0.346662201474374,0.0514950787670915,0.34098312906723,0.280376107610227,2.80034771986824,0.108747821780052,0.641527301070699,9.75024638662796,4.60879233880525,0.0745806753438021,0.441581398626758,1.35502942987055,0.135065850722903,331.535939122472,83.111158365965,0.620157556374196,0.453514553535614,0.0811292923579996,14.3410026617148,275.444772309827,702.736942876307,0.023008616459308,158.182994762978,0.0394987443984051,0.124665191750668,0.574658979887092,0.104923552085864,0.165481733547856,0.000185907728677322
0,58,10,0,15,66,242,5,138,5525,2,275,102,47,0,3,0,0,0,4018,0,0,46009,0,1542,0,320,0,42,10,0,0,0,0,2,0,6,258,41.689061130612,3.11332915371097,3.59883105992756,2.56570127559969,15.4574125381458,17.9948283903776,2.35637814557613,8.95662851391833,108.821099728433,39.3848690302835,0.131326306886149,3.1275911415438,1.79131710727536,19.3482104884986,1.3379650898347,0.870867699075586,4.00533071621306,1.00766095959136,2.55194511266481,12.1547084732169,108.800426800374,0.118810488888764,1.72177463116474,2.5914973509657,0.135638894842413,315.524924599748,125.631409934676,0.755956934737565,8.48011781271394,0.512791555739975,15.151215217199,413.669459388577,639.227632457036,0.613520981868687,196.618723738732,0.0328187330971009,0.748581347482345,3.53778370801538,0.580363922978915,0.142241594115029,0.068806337958121
0,1817,577,2,705,25535,0,0,2,6742,0,377,3,0,142,0,26,6,42,58,0,0,1779,23,1678,0,0,0,9953,319,0,4,0,0,3096,22,2666,153,35.5086339358595,3.44316323656511,3.67938608562321,1.73988850548941,6.97647046613871,16.4519075269452,4.774522194057,5.42316465432891,104.476085683991,64.7841276315936,0.704602073437187,2.77754901700993,2.164720240565,8.68448021976966,1.47424379714633,1.32723346278169,9.29525571208334,0.741519467571736,1.51775775041403,33.5801807489804,41.3163856873557,0.303573883530692,0.440666794885391,4.13569296884591,0.10809044377896,0.407901240746365,15.9470753429028,1.08673088135045,30.9018591961831,3.80822332274921,6.7245066578196,296.115233842232,579.927341257449,0.0857981406075608,0.320899837635084,0.0583351300364639,0.537274072729699,2.60533973771983,0.308708071380302,0.0233804252967346,0.246475054268952
0,3742,0,0,3186,103,0,0,0,1215,0,1411,141,0,21,13,53,143,248,173,0,0,151,0,804,6,0,0,158,9399,0,43,0,0,2,4,568,130,46.5740150753147,3.78987202086107,2.18108900319929,3.22272966562041,14.7485630836059,21.1078355089871,4.41781788539567,9.2246225392857,181.993818374177,46.7174419186047,0.973458649887639,1.68608497684577,2.10243250619563,7.93610884085479,1.46428573544434,1.51481518536767,5.85928638254608,1.0111579939575,2.49517348970209,18.239071100651,132.239797023997,0.490158248504207,0.818560818941314,4.13536770872174,0.205051984165397,636.294437713435,126.75705905465,0.906777477986286,21.6341248333771,1.20083283834927,6.29602365866224,307.848662325186,668.381558109296,0.0932505555790876,200.256980012208,0.0384243383737986,0.631525023962852,1.89675781101772,0.855283113184139,0.111096214398579,0.141093766867983
0,376,0,0,2647,133,0,0,15,8516,0,863,0,8,343,6,31,19,150,11,4,0,273,5,9919,0,9,0,502,51,0,25,0,0,7,15,623,2400,46.0127804205117,2.10047506388484,3.32552129230247,1.5715959689959,7.77315656546647,10.4861758884878,1.62609783974611,5.01860419842761,132.087325407852,41.4545440552453,0.424533904404741,0.435398352429031,1.3029658931647,12.0228026137448,0.625953110373644,2.08658447713929,9.55941252082261,0.698470161616797,3.0603449910606,18.9011794905893,21.7278888971722,0.221951373166587,0.319877396687584,2.04443890022338,0.172968687170677,25.4522748078058,137.303379461356,0.404244028424299,26.0096059496619,2.14132686591639,5.96739809915953,257.856377846435,493.921509157112,0.184697336416786,96.7002020750096,0.0469075477428063,0.323995294760083,1.95410727061219,0.372104870314332,0.0190782901973496,0.180125266919189
0,7599,0,0,1089,92,0,67,44,4109,0,588,0,0,49,0,19,0,39,11,0,0,13,0,706,0,17,1699,40789,11277,0,23,0,0,1310,0,363,483,46.8576911742369,2.64904928418668,5.86288811178538,2.01360983595033,9.21781170535003,15.4879433090899,0.808831028180539,6.94050156291386,205.512934604945,69.0868282395951,0.736563983302133,1.50227464158251,3.90401438884492,24.7466407300955,0.988298022859552,1.29761948092751,9.30084534682537,2.10761921566058,3.37369171006252,29.1240701252697,44.4256079232083,0.641698271680254,0.386152959344498,4.34624616756864,0.21114129077236,44.803857831154,108.430418578061,0.317743000100924,5.14376234491873,0.897717915560537,8.622666623221,298.081594560889,693.450883934868,0.941340640311483,4.06823566876004,0.0365236805736067,0.496103037800403,2.00916723235111,0.298880433888751,0.00531060329362724,0.0376217844370851
0,428,2,0,928,59,0,0,9,10511,0,655,0,36,8,0,0,0,68,5,0,0,11,0,2376,0,15,0,30,1849,0,0,0,0,18,0,0,2405,48.8083518209169,2.70500356403605,4.95769571839339,3.23404274164472,11.7989109412807,25.4905645165355,4.16434421650903,12.0743036874326,176.970934938352,53.9952466736112,0.509690878508092,1.01110434035745,1.14921118064973,10.5916411660065,1.00453150768468,3.04371179618505,10.8229942904092,0.53553368299409,3.65390181246401,12.6899830719727,37.753318686414,0.370237909184802,0.410732768036958,4.17235819896874,0.415749439334174,28.3113200036332,83.9400858828811,0.493253283176685,18.9803094098561,0.699297312414726,7.6254612558865,420.79425137083,875.33741033878,0.0971534363242559,0.570018022921349,0.0517253981208624,0.207689935479746,2.39996949005419,0.899977685208963,0.0236116071118137,0.139027810715841
0,6795,3437,0,2628,8654,0,0,0,5387,0,58,0,0,888,0,104,46,0,11,0,0,101,0,1502,0,0,0,3491,104,0,33,0,0,1111,3,263,187,57.917633624823,2.31645586409036,4.173268122821,2.13175555178802,8.29807727579941,18.4196570698359,2.56230928838879,6.62076119272883,169.969133386446,49.1643162884673,0.709534442435585,1.39157106520431,1.02481764061439,2.46234708977465,0.765626400289226,2.21754650342323,12.1017797373629,0.772546223425322,3.99616638430391,25.0840130512634,54.6619841401502,0.371628328190657,0.526673937319048,4.23514884602409,0.600824282784359,39.3972630558708,103.91464347398,0.540656943703109,7.57037531194924,1.56119647306318,9.58818922975727,288.204159348062,589.383786821925,0.0404522710233348,0.732040827011562,0.0458076102099117,0.140336493832438,3.59698044268505,1.1327986179818,0.0279845249515874,0.0595119238296058
0,98,0,0,269,28187,0,0,30,18804,0,1099,20,105,53,0,34,30,0,11,0,0,10,10,4238,0,12,0,140,2140,0,888,0,0,3,4,8,863,40.1504695433408,1.56916896704502,2.8415081510401,2.44237321565566,4.28511755691706,14.8186270453084,3.40230786309235,7.96632784865065,148.14262894506,33.4605738325352,0.396779754924534,0.713670095031631,2.13334594271776,3.39421331890528,1.74209382182229,3.14248165105765,6.69093580264475,1.1275041300051,2.03435547477651,12.4282376307191,12.5989067109432,0.0591461576366188,0.928691372439023,2.17688038409455,0.348485836493469,38.2439602346143,112.774402631619,0.293199192878713,1.19019860126916,0.317657511861521,15.0323458247279,393.560494069192,1090.02497344622,0.0298654685751565,2.02970189992698,0.0378490212612396,0.283993334943316,2.30014090651879,0.422308499034522,0.0241688146534944,0.0124372428255488
0,275,10,0,538,0,147,0,13,3881,0,184,0,54,8,34,28,119,27,0,0,0,1028,9,769,0,0,0,1475,460,0,44,0,0,108,9,5,84,44.6372497016778,2.70973091518821,2.55219295504107,1.54530311463709,8.77052003260676,14.2060131985366,0.530077847197169,4.85728754591599,124.067454178933,33.9412478641779,0.120762634565782,2.05845436938272,3.07141873467145,16.5896244209537,0.73540904868924,3.41241527988306,5.3788363293763,1.89265136146348,1.16180797177127,9.80108998340173,100.11115267993,0.466356774542007,0.232303003960959,2.68670910519035,0.0932211880444865,0.479019211925665,11.215344010748,1.3020622845366,22.3854701346898,2.72572356553712,7.2734919302218,367.872378623828,632.121917931096,0.378718948631332,0.345438078494035,0.0390076921790264,0.867884556344637,2.16411027012068,0.727546970025964,0.0311681242383409,0.183319783218125
0,860,3,0,945,21267,0,0,0,3211,0,961,0,0,113,11,24,0,55,6,0,0,507,0,2680,0,22,8,8973,921,0,20,0,0,266,2,64,780,48.3975669214186,4.69409096269581,4.2720238834675,2.43743810683729,14.4141529648265,20.6712742588508,11.5276346634609,7.83621011715297,214.701818824821,61.2513495581415,0.12258015295701,3.77343822130222,3.98111137287673,12.4721949410188,1.06472257541814,2.46429558592862,4.80593650043711,1.31477166786838,2.30060858221644,17.6932373775307,94.7070192675138,0.594586780069608,0.356001626862478,4.81009823986235,0.176439027641715,0.630695235952787,16.4359140030467,2.06872446978675,36.0544050759029,1.93557991285856,12.1713883603523,421.47930647035,572.719163966116,0.251206301902545,0.345411616813541,0.0566880457002669,1.16763424573644,3.157064336055,1.73497928941799,0.0514052871277988,0.284435492040985
0,1980,2,0,799,3250,0,0,5,26904,0,721,0,0,0,6,0,0,26,79,3,0,304,0,1878,0,5,0,1424,4276,0,98,0,0,0,5,478,2675,60.5239145087973,3.69054064209125,4.32135966579186,2.56358696041867,14.5422711989719,19.2376411268861,0.411874312974324,5.51934706445283,118.864116946681,66.6529473509628,0.224187635029365,3.08882305621358,0.838153261624882,1.4593900884631,0.838463218633257,1.27349346631528,10.8466457791654,0.208721964617358,2.15685207592516,17.486271865302,237.577992666434,0.323058935320336,0.286630811631016,3.75875111382204,0.138354158354635,0.461135412164435,14.1933732791648,1.4437781734353,21.1731605580772,1.67173523313073,0.493894200375951,469.626713920013,535.433133943273,0.0381311102436198,0.432453439312479,0.0521015972877998,0.316305198920224,1.85070737159103,0.529331980029245,0.0333897318514095,0.143076817230848
0,345,0,0,127,32920,0,9,9,16451,4,213,16,0,31,0,42,11,0,9,0,0,13,0,441,0,0,0,1675,561,0,4,0,0,0,0,0,36,49.5542502194508,3.31137431129172,3.15965642397827,2.09664378419727,8.17276062417365,18.735274742835,3.62085708658478,6.69153654398279,142.891890324895,41.6311834935229,0.280731964941377,2.34676814000535,0.418515270205364,1.59539672592608,0.669947799174278,2.51543969703301,5.19406532413363,0.220295185745395,0.940680550829081,17.4568305961187,22.2801154771429,0.164367791445769,0.278686616502271,3.25631529976361,0.124573175017919,0.325483163503644,16.5145129845014,1.4391595406759,22.2315960931239,0.407441000999019,7.42695879806194,284.551903673156,730.067656020825,0.0313198908505475,0.405487345940305,0.0430299520594705,0.509994901951273,1.93973546060448,0.575159002890135,0.117243659986801,0.175567885155584
0,24787,0,0,2970,96,0,0,0,1465,0,2737,0,0,39,0,14,3,45,15,0,0,6,0,834,0,314,0,33,3337,0,0,0,0,0,5,0,293,36.9100582042334,1.77386624317989,1.6335162060381,1.33133734575993,8.47670485475013,9.78566261595758,4.32748013265755,4.01398669063927,93.0705891386651,30.6520283224996,0.551747771095124,2.19698858205334,0.855057650941442,0.849120990189194,0.41252760379178,0.625639533384377,4.94123056015892,0.487999032916609,1.05846143518606,20.0100477565804,2.70722436713045,0.06736377393893,0.290323148437397,1.92658661241642,0.124591473507286,0.768831829248022,9.7845289760486,0.761551355156716,2.83240463537016,0.0881091459227396,6.13350219688453,262.025851318297,399.627332935339,0.0264935122476583,0.29888345251719,0.0334383577298658,0.392308239189531,1.0633348772557,0.324994251760627,0.168641787151312,0.0287418160957183
0,57813,2,6,43,10441,0,0,529,695,0,1537,2,0,135,3,46,0,0,15,0,0,14,0,439,8,89,0,99,63,0,0,0,0,5,10,13,207,43.0453726004259,3.80301502838021,3.4040954107404,2.18577184284441,8.77534568225481,18.037898211305,0.94686540545229,7.20068495238834,168.186886880821,49.4629590168206,0.605484720055574,1.60781974742477,1.67453436307198,0.439294407411015,0.743058923167672,1.27380107118739,4.42496915514859,1.10990651010757,1.6276048776381,22.6756004071901,5.41562375359046,0.0832522776687331,0.487926948991657,3.53625341324202,0.368705053674484,3.62879347672772,13.9889364442524,1.69813835027732,0.452884877639028,0.0867628920383349,8.83450614621392,379.801042832239,548.471888665843,0.0338698105691286,0.411415046471882,0.024727183572909,0.520769627992251,2.34179336855712,0.851553341556825,0.726300174775198,0.00105870220691818
1,3076,0,0,77,90,0,11,21,18330,0,4100,7,0,26,0,301,12,0,18,0,0,0,0,3174,13,1566,0,4167,13180,0,0,0,0,0,0,0,425,47.0285077494591,2.90315334158512,3.35205525468513,2.675780143727,8.02500433767035,19.2299438315999,4.25786122465074,8.44459738903547,70.224898254795,44.2849459299262,0.144078435466553,6.32303302138847,0.75477997753656,1.41737365874193,1.23324445733644,1.25962096662913,3.92092518716844,0.139469767874308,2.74460932764162,32.2371857780362,5.67423291101967,0.105020235935403,0.589097373363915,3.85104317072636,0.176356013952422,0.389886559593871,20.4589842050504,1.32328971226562,10.5384654628376,0.17463136280299,10.9237176133208,743.242936486895,798.182780609761,0.0384289155884304,0.393783818963974,0.0423273593841027,0.445511697036411,2.13558892193747,1.04380033826185,0.296757819926111,0.0794061547165192
1,5,0,0,0,5,73,17,69,53,0,11,0,43,0,0,0,23760,0,0,0,0,0,0,477,11,0,0,10,16,0,13,11,0,0,0,9,16,19.0170475510401,1.54297247392616,1.05381809713576,1.09859502324919,3.38055918727137,10.7755581170325,0.995448423934019,3.28788969165886,128.346314912355,40.7488545942755,0.959572592128696,7.669877800455,7.82161788805821,24.0085381879974,0.819142565834983,0.645896972988421,1.28879478553516,6.86607859840008,2.01133174810474,11.1923804465523,483.359228883468,0.600346131131978,2.95299475072454,2.54417900605896,0.179111488970029,176.058419931854,63.3002844686223,0.36876427411693,9.45329135529492,5.7716334896477,17.8445793680726,248.080195337525,507.442480066271,1.52519490667976,109.410921150449,0.114805332183829,1.37976634475485,0.492395403410506,0.506026349837751,0.0689130334648712,0.113577105577723
1,1822,0,0,253,2,0,0,23,14077,0,565,50,0,14,0,34,52,0,4796,0,0,5,0,115,8,136,0,15,1817,0,14,0,0,0,0,0,298,38.8757725673309,3.75237038763009,3.67292871298187,1.17672940239748,5.79046417303952,12.0474145221199,5.72320115165041,3.74564697044189,172.719958126611,60.3823144630744,0.996717875246749,3.24899701095503,0.495305380274483,0.459941155750549,1.00123401597801,1.22939091640871,3.55571722522466,0.306372538586787,1.98024621017668,15.9577614002198,6.2656835783276,0.124549708236917,0.517029516607953,3.3465025892098,0.19729837583517,592.894597862725,174.371128153945,1.04113557115634,0.535124496535294,0.258662786568855,20.2265650179018,540.845798543863,989.111201161498,0.0341198630440793,224.03969594561,0.0370609320871534,0.356347877076396,1.93885091721505,0.431424333392496,0.134851488481479,0.00394238176009915
1,86,8,0,588,0,0,60,5,7567,0,859,20,0,123,11,0,111,49,0,0,0,32,0,3137,0,17,0,1074,550,0,47,0,0,20,21,692,326,41.7080624047852,2.10326344510168,2.19246814517336,1.85992518109319,8.69474574767457,14.4359875129672,3.00911245450745,7.07111511324558,51.7391329524586,41.6455759339892,0.393470529134357,3.52019380257533,0.688545887967464,8.15545549867689,0.439266219556792,3.27929217253041,6.43284596243301,0.313038134999373,2.15136337208379,16.5077665935001,102.920787133033,0.629304145647918,1.31916918992394,2.50068954063605,0.173315750254355,311.64482301352,83.3769088889904,0.53306987152451,6.73953999638926,0.163794754142432,7.81322189816923,315.876427733847,728.833844903968,0.1466084932047,121.670460571327,0.049053857769377,0.467059623745064,1.84472308369998,0.680901065221833,0.00771015136918522,0.0527123585619361
1,55,0,0,57,4,0,300,164,10376,0,154,0,0,0,0,13,19,0,0,0,0,0,0,453,21,13,0,14,9,0,0,0,0,0,0,0,53,42.2226589450077,3.33343991004934,4.22334579246578,1.94431512905836,6.84032535706248,12.2360661313209,3.17105192201588,6.17977907885711,92.7289513899472,49.8683559705411,1.02457683368289,3.82898416648669,2.04100248393558,15.0552150162949,0.984354180358843,0.940231960697141,2.59711186126051,1.3442804536005,1.04167820714503,13.8753800941428,41.5208952700418,0.262674877973681,1.48760403355588,4.13063975653792,0.239967256211563,515.167700324996,129.041099369259,0.858722232710869,2.30350056432184,0.962404764762744,9.7749535965312,435.314293008232,895.413129278673,0.357419529687363,269.357893701506,0.0485963252890605,0.376531892531586,1.57825227778614,0.30832686877355,0.0561421805739931,0.0241922398881075
1,1343,0,0,0,4,8,216,4398,1548,0,7779,57,11,759,2,133,106,0,9,0,0,0,0,80,18,25,0,30,43,0,34,0,0,0,0,5,17,50.5072133130779,3.62589560980702,4.89501198199941,2.59870480852635,6.79433664157151,28.519457297912,1.434394829503,9.46911645348677,183.701656108165,51.5088084392363,0.327348630962938,3.68486619040796,3.44314026514247,0.522904343841105,1.03846335695287,1.52116948254998,9.5175662573836,1.65431094795549,3.96637053602945,27.1729108421942,5.99429382403949,0.0824842441472288,1.75396215737815,5.05565630715179,0.158652051921066,492.899652344236,157.837035917048,1.44252691531133,0.530606610251094,0.0864731982210707,21.1521588555083,844.010976291367,1598.21307497409,0.0372903975136139,49.5900391386111,0.0698117381835205,0.477522380896942,1.1974195770374,0.36687124023798,0.222426768048632,0.000533986496605111
1,494,158,0,554,55,0,0,27,4350,0,460,7,0,36,0,54,1985,40,8,0,0,0,0,567,16,36,0,41,2582,0,96,5,0,19,0,100,33,42.4575132988344,3.05152953257633,3.39838586572502,1.42098842705105,6.7632390771869,12.4787756084021,6.62047185335809,5.4174303231131,81.7515568150636,41.4447264107696,2.50552030427197,1.02588747890067,2.0169066385859,2.14164909831891,0.71944966452786,1.46791694099765,12.2200961748336,0.83711466809575,2.78722430273972,26.5091799008489,34.1743320728831,0.272177008088544,0.273562599098665,3.43875665539482,0.136555759607624,579.436419755686,109.211245824735,0.64635785961861,12.3657624028325,0.599148649370791,12.1716406186175,409.557138056834,886.349971974378,0.0310725956710857,17.4053590287471,0.0463950292543937,0.440032315544131,2.33352810596745,0.910133124893681,0.0254733389587888,0.0859718828204216
1,1078,816,0,155,1751,0,4,0,4882,0,174,0,0,17,0,0,506,0,8,0,0,0,12,692,0,43,0,0,287,0,0,0,0,0,0,0,67,50.6689807458973,3.38749437680369,3.72246063928637,1.86082242917387,9.6380782315829,18.4632481210672,8.50576819505992,6.04854890845738,165.399592470458,61.9008671485426,0.558960574786118,1.77615410873437,0.950171165773187,3.01506267844347,0.778529986917078,1.01413214736141,10.0223894637924,0.63366706867012,2.96979775203018,30.7042944426814,83.9135462746448,0.675147033039009,0.447443771786463,3.78158685708085,0.154746467334007,630.196191640876,137.651568112654,1.3108557408899,46.704494661321,1.00672879642736,7.94340949767531,370.843516654616,760.623734764004,0.0351651163371664,139.483836760625,0.051031144119633,0.365461326523896,2.90266698532983,1.91175067512911,0.0706551756910948,0.311478151836203
1,467,0,0,246,461,18,3,1079,1793,0,1427,0,24,8,0,19,599,0,12171,0,120,0,0,64,20,28,0,21,25,0,20,0,16,0,0,0,6,45.8403807851367,2.64625694804711,3.51022929182043,2.41595182931233,7.37751441685328,15.8505539576994,3.36632615297008,8.28884498029296,134.278563350639,45.2603918739631,0.730929657642399,2.30066423741781,0.612003125103927,0.416273406217744,0.893377347883387,1.42958938379317,8.85705042643013,0.22454839791455,2.74163457772888,20.4293816678895,6.04272209073729,0.0630546828348567,0.916436997468601,3.54625691490283,0.128437977579892,557.708447382623,120.529306057574,0.719906440104435,1.22821471705416,0.078575824485871,4.75125472268153,300.367650970337,584.640201753985,0.0296726889929382,113.588679117584,0.0523913624288006,0.241755825218651,0.875605186047481,0.716840414742616,0.0459823781653799,0.0145640830838401
1,13238,0,0,1732,4,619,5,270,11290,0,1532,607,414,0,0,5,22,55,1,0,0,110,7,200,18,1717,0,69,42,0,11,0,0,0,3,0,62,27.8439084535058,1.95415593097932,2.81726277505467,1.54881606063285,6.44871453748306,12.731508556688,9.88893055333039,4.6908613518782,185.476863528129,58.9494091007354,1.01061620092943,3.86169800264619,0.70375230916503,1.4516398943863,1.01829161042569,2.70327981608039,1.63462769016559,0.330156309920138,1.86919267265207,2.10856565447398,4.42612887975407,0.272477718778381,0.353236281839759,3.91028021357792,0.275225270189958,94.2316543382109,36.7745076491318,0.655529077529647,15.5797346324534,1.17225621267173,3.64608204182439,207.554054180595,463.820426644801,1.15726430016056,36.5067997348739,0.0638931395910788,0.273348025985303,1.1020697097067,0.602757114453937,0.193841181507153,0.154893914833617
1,24,0,0,388,113,23,0,0,3625,0,15,10,0,0,0,0,187,10,0,0,0,34,0,149,19,14,0,409,126,0,89,0,0,54,0,0,47,46.8858388245699,2.74067124550161,4.30742819851124,2.8492457936113,6.00949842043786,23.6237743662518,14.242118954795,9.25811332587734,247.599582022042,78.7250095599714,0.287171176104793,1.92280612552584,10.6335098621519,24.7180507493945,4.54998056128238,2.10971440234635,2.2823212797487,3.40859200335405,1.21776674419642,7.01783396565721,40.7648514008757,0.427429954838806,2.16295641884745,6.70818919810211,0.540367756580582,310.119664985172,156.126712045282,1.91227207663093,9.59131062280146,18.8617148573482,32.3432825901037,849.845538038259,1249.05737121233,0.914727711767924,128.055138436667,0.083556404139979,0.306255662833672,0.133271097727262,0.00159355931739913,0.0355183196470249,0.0651261192808249
1,12633,0,0,0,160,0,0,4427,403,0,41,48,13,0,3,0,104,0,13855,0,0,0,0,177,32,17,0,27,34,0,16,0,0,0,0,0,0,44.3511063266429,3.09874405656536,2.86199732374621,1.4378619042387,10.104014148712,17.7243188256019,5.77941737125086,4.54980490070709,229.595369947598,69.7454009233152,0.334553237791432,2.96347213741049,1.1411733753463,0.106948357946177,0.893419987984956,0.423080322890907,12.5532197364569,0.227558561775376,1.25496172663003,40.4655514277059,6.0722403015561,0.0576095864999206,0.271538338808122,3.06066075598713,0.104568392303413,0.41581810437022,19.730856043279,1.30234115048002,0.38675126153167,0.0638156203858605,9.36223355847815,334.557799378756,794.793071973893,0.0343982975406084,0.530477170924858,0.0652559473566683,0.324466503066792,4.01661811101885,1.28848270324196,0.0124137602581944,9.95225299635257e-05
1,202,0,0,348,131,0,15,11,766,0,114,0,20,22,0,0,38,86,11,0,0,0,0,125,14,9,0,4026,77,0,391,0,4,0,0,119,157,39.1110104469347,4.31986987238423,6.28874128697737,3.1025096748496,3.24510751428592,25.5033105025903,28.5916645173939,11.7534171654241,203.580442126879,71.882229570776,1.35244811863425,2.23335653910223,7.47435430248079,24.2708827050425,1.52306726584801,4.87174842289749,2.83962936821888,5.45129222290713,1.72974389557419,8.59844479229195,251.608043045904,0.740275171210826,1.92198501327112,4.51329749607254,2.72334455232952,960.777493554794,138.217822571708,1.06963219748953,215.800414153356,14.4279068502327,11.0531838811815,366.055291908972,615.938506362968,1.15505760653506,88.8039484758896,0.0892974043457258,1.16616436411938,0.791878396885652,0.154225785510852,0.468800064062809,2.69002651119233
1,0,0,0,0,0,79,62,220,80,0,0,117,59,0,0,0,5096,0,0,0,0,0,0,8,24,10,0,37,0,0,34,0,0,0,0,0,0,57.9129385186896,3.88670586665784,5.3783413936831,3.50291052112098,5.88720931034563,24.871264024553,3.0366161361361,11.7282949192948,174.708094668499,60.7181336050303,0.341803273758725,5.31355882586156,8.11916572496238,35.186840511423,1.42236847092916,7.86474068039953,2.84705154419782,6.80421318676803,3.07221915629799,6.12100101912348,435.713999656681,0.582642832061488,3.53453565483854,6.61241064681684,0.606932069518919,132.494528814747,121.369407347895,1.7717115159607,34.6302327515047,3.63988659325022,28.8329853187319,1222.59797874261,1381.51412079019,1.6942137131055,157.778717585713,0.0794132920939738,2.13915495292806,1.15187501234407,0.157828444967673,0.320620387768696,0.220615852838576
1,2441,22,0,0,577,146,230,1844,2451,0,149,1299,854,0,0,0,1045,0,5,0,0,0,11,61,113,1885,0,6803,0,0,1081,2,0,0,0,0,89,48.5259802061153,5.2415505938102,15.8469295102135,8.2271935390398,12.6302574814942,47.4276468298763,13.2300727307115,31.1688892411771,607.819564008651,162.703611152479,2.04404232793927,17.2506697363896,14.8802241367722,45.0422293440051,4.92865606472734,4.4835392394487,4.89228784330005,17.373164220353,7.08408737950858,26.0061011078626,223.361823605502,0.745269984693432,2.04062418649355,17.8147063970699,0.544354606241967,381.567567901125,225.674395294195,0.686210865206959,113.417630154935,7.08282903313492,10.9723220587073,631.614985767739,1162.69993057899,5.23987823524248,411.211647147747,0.172362753770639,3.62816441678668,0.455166469671265,0.338871639537752,0.210756559451615,0.956603800940222
1,56,0,0,34,389,0,678,18,208,0,17,20,0,0,0,5,159,0,0,0,54,0,0,321,31,8,0,11,32,0,0,0,0,0,3,0,0,41.8479678900886,3.58408991366041,7.19517898206974,1.46562311310311,8.245763007654,20.6475441424064,2.20621281857763,4.5996100193006,221.725205481157,61.7463329306045,0.664080515490652,6.08453922495851,3.62269946013822,17.4268120015567,2.26420499868881,1.82910449502872,2.49083523962977,2.0248701714319,4.40195606473117,11.1316028463084,52.9037149530205,0.629331143026358,1.19021792844012,2.37014327339452,6.53015698122098,291.796613259502,161.318126411255,0.611284373067295,64.379039654987,13.9969392172937,12.8968873521345,338.416562394205,647.00020960884,0.378006523041771,231.492132746276,0.0414304562482365,0.91211799889073,0.754693537760308,0.0484018970300436,0.559258719851982,0.49638504706933
1,96,585,0,0,15,0,12067,12,4725,0,14,20,41,0,0,35,35906,0,92,0,0,1611,0,15,155,26,0,67,0,0,0,0,0,0,0,0,0,49.9288530051365,4.96176781794636,7.77793333254166,4.16174599733022,9.34466053379857,36.5945239669555,6.27129166289556,13.1385924020405,586.475880623899,180.449945074013,2.66624635846296,4.11301065494037,4.23534420345092,16.8839310988295,0.971528539416102,3.19366710710659,4.93900001328247,4.59840755491681,3.10507655103324,14.1085768211588,63.3625033533693,0.341209218047181,0.416175882360546,7.03461154638069,0.221577450760233,566.366892208245,132.982600603389,1.01077661421723,8.77539829605871,1.39940437344252,5.61582548682131,232.268349098118,529.447831365035,0.375299804396512,53.1961595614529,0.0770733556089554,1.03152075163417,1.66374926412185,0.215460026868477,0.00936642466869908,0.0610947823690067
1,144,0,0,313,444,852,11,221,33,0,153,5,4529,25,0,3,102,0,12,0,11,16,0,153,13,16,0,30,16,0,0,0,0,0,3,0,45,68.2503816387016,9.82951310583335,12.9503061343545,5.94375800293974,9.87841891932379,42.9648047538392,18.917908944526,17.4936583767588,676.244916897648,208.765688205642,0.42220699097614,12.6863970633145,11.0197711814305,45.1333049926437,5.70871502957522,6.93208103671541,3.06228623900847,14.4365705558219,5.6855348894019,7.31298721586985,418.656251828721,1.05898650869208,4.03751988538818,13.2641528241674,0.759180723717284,356.334074407314,203.285758133204,1.01841578597328,59.2268549255494,2.72732076719489,10.1012070168128,799.276523068688,1322.520647495,2.33113386098251,301.635526009405,0.109918220835304,0.849560751951557,0.507238251224104,0.196164653092943,0.1732084829668,0.266416615902631
1,335,0,0,314,10,24,50,22,2662,0,177,0,47,0,0,176,2583,63,88,0,0,0,0,1595,9,19,0,1469,5076,0,189,47,0,18,0,0,1504,44.8510697679256,3.80203952541438,5.01640263751684,2.082443888372,10.8502585892484,18.7493154541838,0.830880691195506,7.29343092740649,113.803321359424,53.3474706194052,0.13175677683646,3.46153444199413,7.39683838707304,22.6356558472622,0.988462737791948,2.4390080500073,6.34370614293356,6.34721788073529,2.75628268161102,26.651234654408,214.063470894991,1.06067530642746,1.83573212933042,3.43903802102105,1.60762906146454,406.162897877667,115.901036943387,0.936007602052493,199.62728071981,4.25939213473379,17.225241084536,572.793795916367,915.224867577853,0.739429701059682,79.3821261374245,0.032903055349154,1.20413227407504,1.40558144359273,0.512493732480007,0.0638011053773971,1.87726988849913
1,54,0,0,1898,12,0,1240,797,4641,0,40,4097,621,0,2,0,14373,0,983,0,0,71,0,57,8,10,0,41,26,0,6030,0,0,0,0,0,0,19.7446079741551,1.32137349624898,2.94801723659694,0.885821233558484,3.05616882874855,8.49304625826388,5.0292399563023,2.54887726622162,108.876519124101,49.1394424749994,1.03548629346566,1.67683902177169,3.49738314175864,11.9006659205587,0.892453921504306,0.819981614045244,1.49137953921571,1.91382330793801,0.878456395541902,11.3074439954536,38.8611382743875,0.420564519562339,0.229355910607382,2.82035093977882,1.08011796988573,318.392730477524,102.325929128198,0.323853369845177,51.3301675035652,8.81795647438134,3.58819729333827,169.275005516759,492.614272024045,0.378198981905281,90.208066522062,0.120894519397368,0.408194574232861,0.326864978403511,0.0221754669638003,0.541225137962882,0.707200812546683
1,1060,0,0,3,3043,0,897,0,2336,0,391,2,29,82,0,9,45,0,19,0,0,10,31,747,10,15,0,29,160,0,88,0,0,0,0,0,65,29.9932856303158,1.94744094518837,3.04575681355173,1.38362153350732,7.19303164875581,12.1735500877137,5.20151921777878,4.61819231519796,125.651181133419,40.64915044824,0.399898031759871,2.22792788435511,2.15440362794459,19.9223012533427,0.889920278167079,0.881816611891065,1.60632050059667,2.45835390403309,2.5135978327438,7.02500476980972,173.261488250923,0.385536629285444,3.30494083259175,2.32174623592788,0.105942646612019,409.831594614376,89.8340016801218,0.237997233145427,21.678673864563,2.44795005773215,4.72577882555909,293.463591277522,640.305815536816,0.851174693258189,139.299100304253,0.0422922744991465,0.890903290047927,1.55428085329268,0.426758435451282,0.0711575538777499,0.253213566663886
1,31,0,0,126,0,543,0,1927,1439,0,53,0,1845,0,0,0,27,27,265,0,0,0,0,897,63,880,0,21,33,0,27,0,0,0,0,0,6,39.6929183495155,2.39436589105728,2.51640333264302,1.50270509865848,6.79383927926069,7.74367386420962,0.835630149771711,4.04034911354927,268.022555881017,103.445376259388,0.395660791105985,1.0458194960603,2.2100014801962,13.5192621901754,0.73436015543321,0.549005949440711,1.28026756037365,0.957539530532683,5.04414174178833,4.57599921602321,108.719944730344,0.303519893446779,0.370159388626711,2.62834158959736,0.098098152028256,331.271309257124,69.1920911132664,0.434853982929168,18.6885349589399,0.467260271112325,3.6510403419992,175.27587733079,430.414695532956,0.406869316517394,75.602200957256,0.0714703870347411,0.468858883745206,0.882830413304095,0.877657220902768,0.240482456052122,0.198267264158245
1,196,0,0,186,35,0,6,0,1285,0,3777,2,0,4,0,0,43,26,11,0,0,0,0,20,19,0,0,21,2203,0,0,0,0,0,0,0,17,44.62699491099,3.3958881005102,3.92760514359937,2.49449121969935,5.93792357928332,23.7217323604209,4.19630258778899,8.63558226924758,179.792265261446,49.7372024568905,0.84189643160696,4.68626147244886,2.9055043015316,0.0433354663347034,2.09277383051634,2.10762550106075,11.3368098918466,1.11914083618779,2.40525060724056,44.8398440299492,8.98211368148928,0.193208466586576,0.388038510552552,3.62691495557268,0.14587349105692,0.403237710526662,23.2416345010072,1.80268405064568,4.13989580277028,0.160856891930979,4.60795294468821,275.592362591893,491.209840460369,0.0345475405532058,0.329067758747631,0.053568609288626,0.495428621466995,0.805835757392498,0.426284787359428,0.0162636150074218,0.0291969734331215
1,187,0,0,21,17310,0,4,139,61,13,52,729,0,0,0,0,41085,0,52,0,0,0,547,141,22,16,0,51,45,0,135,0,11,4,0,0,40,31.5092129733386,1.30006633819788,1.76285926198481,1.3038524638682,5.21078429650071,7.58442756751325,2.85957301930825,4.05323011095072,60.016376152481,17.4060484220172,0.237025314635226,0.317649053790751,0.6212223880273,2.76148794583174,0.501635413275062,0.442745989642994,2.05647349031443,0.840502852965557,1.06754068518692,4.46988865016994,3.11482957460827,0.0446251003678394,1.15294069520837,1.78894280960692,0.0853395371644498,425.128523004816,55.6565588755483,0.52644286687554,0.243582493428809,0.0485045585347229,6.72382022976582,249.474368341808,594.753473634301,0.0432674398909684,152.547617837204,0.0645719550328609,0.56300696601428,1.18318331612984,0.731283994672226,0.0615313473207734,0.000205129323787882
1,308,0,0,634,78,0,0,21,534,0,148,0,0,4,0,0,102,31,8,0,0,556,0,107,0,17,0,830,1265,27,5,0,0,57,4,96,22,36.5575867700352,3.60696479639355,6.87557714425293,5.21696243781909,6.26261735186578,24.0390974152936,19.6914933192058,17.1525501062799,280.286534130641,69.4763413954475,0.379178836920386,4.88825993436058,9.45919598365246,23.9145499090086,3.748422262808,2.88603335066249,4.8610185762757,3.22615765405063,5.92993996854086,11.7893138158191,230.671516277364,0.39916513961353,1.87368259338736,5.86677242970444,2.13508389098641,2.20569923554876,91.875781893598,0.334077848497049,18.9600944608194,3.89168608681861,13.555377249074,512.20367609046,979.346367356365,0.516125107337823,167.347684943622,0.0691264437380645,0.430057819906481,2.53691025081054,0.268063185161102,0.0645182692301125,0.133756678851513
1,961,0,0,2587,9981,0,0,8,1387,0,364,0,49,558,0,33,37,62,16,0,0,1835,0,1702,2,95,0,16011,822,4,110,0,0,1295,0,412,180,47.7720425140538,2.98883491553382,5.77357460185125,3.1941029262247,8.914109259257,25.3752667609451,4.02945037312566,12.3954910398539,242.915659677438,87.7389754205161,0.778738418562778,5.13568754491809,6.37366053695809,23.0274299711255,1.07931474500564,4.78434220636465,7.48751971850559,6.31865186576542,4.47628596777536,21.4872682978965,147.619233535054,1.11847105539897,0.579924770647196,6.2624167494671,0.372922169746297,29.40401713905,128.145939874562,0.567769142732726,17.5267473576584,0.855585147562035,4.84931571237274,321.610288463286,652.753084024726,0.654087886787627,201.290744070833,0.0261834488387656,1.06497906470184,3.17183879797271,1.06961265938378,0.00669629210883788,0.17628363724354
1,1172,0,0,145,186,433,0,3350,4610,0,339,66,279,128,0,6,26,0,31,0,0,12,0,421,0,0,0,28,597,0,261,0,0,11,0,0,249,51.0475938092705,4.2151725533756,8.93869492269578,4.089732202712,25.3327410500781,39.9657415533171,0.78322786991157,14.2621014228371,284.322991420889,85.4362426005329,2.98894935538247,5.34419915113856,2.1331276475196,12.5967185297418,1.43135357221701,3.10113909998888,10.7817791896851,2.10885417751214,6.649235856034,45.9646441593289,28.5993343636098,0.603580818027045,0.484852321377175,6.43845885975343,0.253467371088889,4.56836120350693,113.068612831415,0.930664492186463,49.0167499024433,2.01410032902467,8.90933355802652,466.202078923579,538.697345724105,0.158034360208871,3.82982368894792,0.0513428604082295,0.48753032707988,1.56758233367964,1.23339941924808,0.205329408741167,0.381740732323037
1,227,0,0,3206,3788,0,0,41,5880,0,298,0,30,323,0,26,52,18,18,0,0,1661,6,8299,0,84,0,103,58,0,18,0,0,9,0,18,164,47.9155735521567,4.35756012138757,6.58048305466891,4.0535275623459,7.545873910103,24.1054567499733,6.14839190311188,14.109997709277,215.436337602239,61.0936557087538,0.927725158007402,1.02752651228691,2.29264364998767,14.1017126833921,0.843536920024407,6.31644581043258,8.27489316883438,1.47009731529306,3.12005675414279,37.7780428270926,55.3112799553183,0.263036604788929,0.35437675633041,6.32125567535559,0.842093330104361,57.9564474254348,152.540651128616,0.337610686894077,17.6059859283028,1.78409817757929,9.09875182598701,423.584691960836,666.126208597514,0.215356532947497,253.187531865631,0.0545071874055054,0.818101708288636,2.29639173089224,0.713246536117804,0.0345285773830865,0.122752476701962
1,71,0,0,335,31,0,0,236,3913,0,19,15,0,6,0,7,11,14,10,0,2,516,0,28,20,19,0,22,35,0,674,0,0,0,0,0,7,32.4394265787332,2.60861600218099,3.18861599467616,1.54382640571499,2.52791919332165,15.9936567650591,6.63022731878678,4.78237912325272,153.078946334885,45.2776210638328,0.77940601749551,8.39850030268014,1.53881348447424,0.953544377622885,1.0504962503582,1.34092669055287,5.92753276346189,0.575405340104371,2.27646584948027,19.9299470186712,60.5032935926843,0.389422721377781,0.305144413754009,3.91252953757383,0.125140324315112,46.7836164252267,56.108131487745,1.03768672264704,8.92777846786895,0.28133162892938,6.34106013408759,273.120791037968,580.653255136104,0.0356827977819151,3.58650320752697,0.0692678699249308,0.390015929359524,0.3850614499234,0.229237810916921,0.0243147912046681,0.072787998409056
1,194,0,0,8,30,0,3,32,10677,0,2663,3,42,830,0,665,33,0,17,0,4,2,0,2343,16,13480,0,49,16354,0,22,0,0,0,0,0,19,45.253828604755,3.059883764086,4.02279529502263,2.68730729333143,7.45684098493296,15.2144257095394,2.07174832850818,9.07511460505037,52.0056287348229,41.3416981035296,0.756989615703048,7.02416530089605,0.268213032202383,0.4969192390305,0.824927023706546,1.59808163947642,7.84692347856668,0.0649299384684321,2.42682247118122,30.9144309378839,6.44294226378889,0.0796400902601646,0.322500855878293,3.87099673655762,0.165613675441432,0.710098265928833,1.72218183663593,1.32191189715171,11.5121489034225,0.227878737084601,13.6700081657879,482.561072388502,615.393183481074,0.0344425199295871,113.309631734379,0.079333972317287,0.120310483084715,2.15449447669776,1.72107383601717,0.350632529991405,0.0922238290529316
1,2216,0,0,252,155,53,0,45,16574,0,671,22,126,90,29,166,20,22,10,0,0,0,0,34571,13,28,0,121,2636,0,14,0,0,9,59,12,3154,39.7316193452555,2.45290856793871,3.04819512514173,1.2148859739462,5.71471819733302,14.096433645257,1.46610870974322,4.326135617247,164.5795185509,45.203346799118,0.651389516903618,4.43194857838556,1.27535743716925,7.44971149741431,0.492363915239894,3.13238538422102,12.7536315280602,0.46019357914211,2.24253123542108,28.5894162922925,108.420647149675,0.230980621097466,1.30811162175799,3.82166471882884,0.136574821317538,0.466036438006691,1.36205204082123,0.602649164244557,38.3707050276718,2.12270651212787,13.7920987664098,432.001000824787,741.480393244823,0.105938752902534,99.34550761577,0.0556513812766533,0.177622673631824,1.30037775059101,0.430612905663913,0.724758001211943,0.350474307104509
1,98,0,0,1719,15,0,51,17,4294,0,1135,2,16,0,0,0,15,70,15,0,0,116,0,3108,8,22,0,13047,27,0,152,0,0,640,0,4,1312,45.1996917154808,2.65260585305743,4.34397908159205,2.7029640331829,5.82869314214977,21.8854605407828,3.16040373326118,9.50765999420339,226.257776906463,65.8394386773248,0.673151542930461,6.19335209299536,3.8054792237394,23.8970101388222,0.971514944211947,2.50804607953841,10.983094517964,1.70173253894098,1.94633644765421,29.9861552246768,25.864875081995,0.38547020184758,0.348550668138676,4.91385822386674,0.149951867284397,213.013458199636,6.95142172904531,0.714990171246408,5.01870289888805,0.55360139086226,7.39510212818371,229.139587237478,540.828617120924,1.00497974699142,27.9521289351435,0.0640322743089891,0.949040933117918,0.608826751592946,0.196061682658448,0.00257494695986683,0.0380735348791267
1,177,0,0,22,5,9011,0,5,2327,0,46,8168,622,0,3,0,7,0,7,0,0,4,0,3335,13,17,0,15,80,0,543,0,17,0,4,18,10,46.0275148967739,1.66419529674565,2.30582695860945,2.0478910024975,6.11366757599568,9.88461743920697,3.1648384313865,5.23274749818005,73.1017165376986,43.5947215407714,0.408016917907603,5.10681312764057,1.24855890207185,16.8202823042783,1.30244794510166,1.66611146874523,15.4479697617752,0.559351646848123,1.77911909765623,25.4100709649702,82.7630951533212,0.429235879350666,0.474573942895387,2.48771126778293,0.206124916446225,232.719862149117,101.173216712318,0.571788148295573,8.77093683882767,0.24224753122777,6.11786513470457,321.752371112742,702.248744682994,0.382243351750691,153.521729348265,0.0428715434141618,0.340291111830372,1.59302485359374,0.961996814977484,0.0116721560597508,0.0837901551444874
1,337,0,0,213,25,0,15,11,14238,0,452,597,11,38,0,0,30,0,6660,0,0,86,0,152,42,12,0,1183,4902,0,148,0,0,0,0,41,86,56.6714238463587,3.69140845203498,5.70259144415601,3.24291742202749,7.4343060920998,28.9803929995221,5.94492490653091,11.5072881084424,131.251165721743,67.2393406543753,0.595095193579761,10.4402629042223,4.02333435094891,1.10938084466884,1.20096576966849,3.46500746113414,14.0947192050079,1.39769490808924,3.4218828512316,42.6858515397943,22.6347881532346,0.602370274734831,0.310746734713221,5.54696120057771,0.14867414507696,427.232463839333,106.460080972586,2.05056256911563,11.8444997748112,1.05779280885623,4.96637366497594,304.030783754705,766.388000870696,0.0356636794849081,192.157392834433,0.0790950990327502,1.33332988263796,0.751578938426112,0.687149280844805,0.0754134597118209,0.100338015788987
